{"cameraMode":{"drawMode":0,"name":"Shaded","section":"Shading Mode"},"sceneLighting":false,"audioPlay":false,"sceneViewState":{"showFog":true,"showMaterialUpdate":false,"showSkybox":false,"showFlares":true,"showImageEffects":true,"showParticleSystems":true},"in2DMode":false,"pivot":{"x":-0.001253366470336914,"y":0.4455261826515198,"z":-0.0035300999879837038},"rotation":{"x":0.09013756364583969,"y":-0.8814170360565186,"z":0.4241432845592499,"w":0.1873117834329605},"size":1.11728835105896,"orthographic":false}