{"cameraMode":{"drawMode":0,"name":"Shaded","section":"Shading Mode"},"sceneLighting":true,"audioPlay":false,"sceneViewState":{"showFog":true,"showMaterialUpdate":false,"showSkybox":true,"showFlares":true,"showImageEffects":true,"showParticleSystems":true},"in2DMode":false,"pivot":{"x":0.10108041763305664,"y":8.107870101928711,"z":-27.87293815612793},"rotation":{"x":0.007955040782690049,"y":0.9906008243560791,"z":-0.06578284502029419,"w":0.11974813044071198},"size":9.490550994873047,"orthographic":false}