{"cameraMode":{"drawMode":0,"name":"Shaded","section":"Shading Mode"},"sceneLighting":false,"audioPlay":false,"sceneViewState":{"showFog":true,"showMaterialUpdate":false,"showSkybox":false,"showFlares":true,"showImageEffects":true,"showParticleSystems":true},"in2DMode":false,"pivot":{"x":32.45209884643555,"y":6.765772819519043,"z":-36.255706787109378},"rotation":{"x":-0.0012420417042449117,"y":0.9969292879104614,"z":-0.0767250657081604,"w":-0.01615120843052864},"size":6.433383941650391,"orthographic":false}