{"cameraMode":{"drawMode":0,"name":"Shaded","section":"Shading Mode"},"sceneLighting":true,"audioPlay":false,"sceneViewState":{"showFog":true,"showMaterialUpdate":false,"showSkybox":true,"showFlares":true,"showImageEffects":true,"showParticleSystems":true},"in2DMode":false,"pivot":{"x":71.22694396972656,"y":56.06575393676758,"z":84.41915893554688},"rotation":{"x":0.002687419531866908,"y":0.04408329725265503,"z":0.00011580379941733554,"w":-0.9990363717079163},"size":177.24949645996095,"orthographic":false}