{"cameraMode":{"drawMode":0,"name":"Shaded","section":"Shading Mode"},"sceneLighting":false,"audioPlay":false,"sceneViewState":{"showFog":true,"showMaterialUpdate":false,"showSkybox":false,"showFlares":true,"showImageEffects":true,"showParticleSystems":true},"in2DMode":false,"pivot":{"x":8.118400573730469,"y":11.271900177001954,"z":66.8096923828125},"rotation":{"x":0.02719530649483204,"y":-0.9617127180099487,"z":0.2522353529930115,"w":0.10368457436561585},"size":10.0,"orthographic":false}