{"cameraMode":{"drawMode":0,"name":"Shaded","section":"Shading Mode"},"sceneLighting":false,"audioPlay":false,"sceneViewState":{"showFog":true,"showMaterialUpdate":false,"showSkybox":false,"showFlares":true,"showImageEffects":true,"showParticleSystems":true},"in2DMode":false,"pivot":{"x":-13.397445678710938,"y":0.0,"z":9.999980926513672},"rotation":{"x":-0.006486681289970875,"y":0.9869587421417236,"z":-0.15554052591323853,"w":-0.04117980971932411},"size":202.26766967773438,"orthographic":false}