{"cameraMode":{"drawMode":0,"name":"Shaded","section":"Shading Mode"},"sceneLighting":false,"audioPlay":false,"sceneViewState":{"showFog":true,"showMaterialUpdate":false,"showSkybox":false,"showFlares":true,"showImageEffects":true,"showParticleSystems":true},"in2DMode":false,"pivot":{"x":0.4302539825439453,"y":4.08714485168457,"z":0.7417073249816895},"rotation":{"x":0.0005775586469098926,"y":0.997255265712738,"z":-0.07374121993780136,"w":0.007778838276863098},"size":67394.125,"orthographic":false}