{"cameraMode":{"drawMode":0,"name":"Shaded","section":"Shading Mode"},"sceneLighting":false,"audioPlay":false,"sceneViewState":{"showFog":true,"showMaterialUpdate":false,"showSkybox":false,"showFlares":true,"showImageEffects":true,"showParticleSystems":true},"in2DMode":false,"pivot":{"x":-0.0002830624580383301,"y":0.3453599810600281,"z":0.20251896977424622},"rotation":{"x":0.09013756364583969,"y":-0.8814170360565186,"z":0.4241432845592499,"w":0.1873117834329605},"size":0.965329110622406,"orthographic":false}