{"cameraMode":{"drawMode":0,"name":"Shaded","section":"Shading Mode"},"sceneLighting":false,"audioPlay":false,"sceneViewState":{"showFog":true,"showMaterialUpdate":false,"showSkybox":false,"showFlares":true,"showImageEffects":true,"showParticleSystems":true},"in2DMode":false,"pivot":{"x":0.0,"y":1.2588852643966675,"z":-0.008852481842041016},"rotation":{"x":0.09013756364583969,"y":-0.8814170360565186,"z":0.4241432845592499,"w":0.1873117834329605},"size":5.495859622955322,"orthographic":false}