{"cameraMode":{"drawMode":0,"name":"Shaded","section":"Shading Mode"},"sceneLighting":false,"audioPlay":false,"sceneViewState":{"showFog":true,"showMaterialUpdate":false,"showSkybox":false,"showFlares":true,"showImageEffects":true,"showParticleSystems":true},"in2DMode":false,"pivot":{"x":-0.8799999952316284,"y":-3.070690631866455,"z":0.06999999284744263},"rotation":{"x":-0.23753273487091065,"y":0.7022297382354736,"z":-0.2718106508255005,"w":-0.6136699914932251},"size":2.8578836917877199,"orthographic":false}