{"cameraMode":{"drawMode":0,"name":"Shaded","section":"Shading Mode"},"sceneLighting":true,"audioPlay":false,"sceneViewState":{"showFog":true,"showMaterialUpdate":false,"showSkybox":true,"showFlares":true,"showImageEffects":true,"showParticleSystems":true},"in2DMode":false,"pivot":{"x":-29.723520278930665,"y":-15.057239532470704,"z":-63.99757385253906},"rotation":{"x":0.0791064202785492,"y":-0.9029214978218079,"z":0.1890534609556198,"w":0.3778131604194641},"size":43.27821731567383,"orthographic":false}