{"cameraMode":{"drawMode":0,"name":"Shaded","section":"Shading Mode"},"sceneLighting":true,"audioPlay":false,"sceneViewState":{"showFog":true,"showMaterialUpdate":false,"showSkybox":true,"showFlares":true,"showImageEffects":true,"showParticleSystems":true},"in2DMode":false,"pivot":{"x":7.1723480224609379,"y":-3.4648818969726564,"z":-3.076087236404419},"rotation":{"x":0.24120108783245088,"y":0.665049135684967,"z":-0.2414865344762802,"w":0.664253830909729},"size":130.0364532470703,"orthographic":false}