{"cameraMode":{"drawMode":0,"name":"Shaded","section":"Shading Mode"},"sceneLighting":true,"audioPlay":false,"sceneViewState":{"showFog":true,"showMaterialUpdate":false,"showSkybox":true,"showFlares":true,"showImageEffects":true,"showParticleSystems":true},"in2DMode":false,"pivot":{"x":9.495111465454102,"y":2.959735631942749,"z":1.7990093231201172},"rotation":{"x":-0.00010188772284891456,"y":0.996583878993988,"z":-0.08271537721157074,"w":-0.0011954386718571187},"size":23.846284866333009,"orthographic":false}