{"cameraMode":{"drawMode":0,"name":"Shaded","section":"Shading Mode"},"sceneLighting":false,"audioPlay":false,"sceneViewState":{"showFog":true,"showMaterialUpdate":false,"showSkybox":false,"showFlares":true,"showImageEffects":true,"showParticleSystems":true},"in2DMode":false,"pivot":{"x":-0.039999961853027347,"y":-2.0800020694732668,"z":-6.600000381469727},"rotation":{"x":0.27935415506362917,"y":0.04894303157925606,"z":-0.014259490184485913,"w":0.9588348269462586},"size":20.78802490234375,"orthographic":false}